# Kaiser, 192kHz sampling rate, cutoff 6kHz, transition bandwidth 3400
-0.000146731879741533
-0.000319615383746422
-0.000512821766899630
-0.000718333585427874
-0.000926128263183788
-0.001124499216062329
-0.001300510537582970
-0.001440573519125368
-0.001531125561865687
-0.001559384748583631
-0.001514146900393229
-0.001386586746079916
-0.001171021239762303
-0.000865591374250488
-0.000472819270538175
0.000000000000000001
0.000540607470919881
0.001131818733583176
0.001751811275783160
0.002374669546155291
0.002971184744847678
0.003509893817991059
0.003958329497153031
0.004284441081773400
0.004458134627525734
0.004452871870103887
0.004247260123972167
0.003826561010643036
0.003184044546161257
0.002322117079547241
0.001253156905182253
-0.000000000000000002
-0.001403969969237569
-0.002915158845503639
-0.004480541327714070
-0.006038879352645821
-0.007522357578868058
-0.008858595250526426
-0.009972975800507156
-0.010791219331983813
-0.011242109375587710
-0.011260274753340075
-0.010788920568337716
-0.009782399710750646
-0.008208518083373325
-0.006050473072391400
-0.003308335492929366
0.000000000000000002
0.003838452736887145
0.008153017621198123
0.012872662779511131
0.017910851227195854
0.023167650027152379
0.028532366836390804
0.033886632046062994
0.039107825862008012
0.044072734475834763
0.048661308627712993
0.052760391871845322
0.056267285033869179
0.059093017789699026
0.061165207868687108
0.062430402742977432
0.062855817257131047
0.062430402742977432
0.061165207868687108
0.059093017789699026
0.056267285033869179
0.052760391871845322
0.048661308627712993
0.044072734475834763
0.039107825862008012
0.033886632046062994
0.028532366836390804
0.023167650027152379
0.017910851227195854
0.012872662779511131
0.008153017621198123
0.003838452736887145
0.000000000000000002
-0.003308335492929366
-0.006050473072391400
-0.008208518083373325
-0.009782399710750646
-0.010788920568337716
-0.011260274753340075
-0.011242109375587710
-0.010791219331983813
-0.009972975800507156
-0.008858595250526426
-0.007522357578868058
-0.006038879352645821
-0.004480541327714070
-0.002915158845503639
-0.001403969969237569
-0.000000000000000002
0.001253156905182253
0.002322117079547241
0.003184044546161257
0.003826561010643036
0.004247260123972167
0.004452871870103887
0.004458134627525734
0.004284441081773400
0.003958329497153031
0.003509893817991059
0.002971184744847678
0.002374669546155291
0.001751811275783160
0.001131818733583176
0.000540607470919881
0.000000000000000001
-0.000472819270538175
-0.000865591374250488
-0.001171021239762303
-0.001386586746079916
-0.001514146900393229
-0.001559384748583631
-0.001531125561865687
-0.001440573519125368
-0.001300510537582970
-0.001124499216062329
-0.000926128263183788
-0.000718333585427874
-0.000512821766899630
-0.000319615383746422
-0.000146731879741533
