# MF6-50 anti-alias filter, Space Harrier sound board 834-5799 (IC68, IC69)
# 6th-order Butterworth lowpass, cutoff 11.83 kHz, sample rate 62.5 kHz
#
# Cutoff is measured, not estimated: the MF6 is self-clocked from R13/C20 on
# pins 9 and 11. R13 = 10k (colour bands and the schematic); C20 = 100 pF (the
# '101' marking, read off the board). The MF6 datasheet gives the self-clock
# oscillator as f_clk = 1/(1.69*R*C) = 591.7 kHz (Figure 1, Schmitt Trigger R/C
# Oscillator), and the -50 part sets f_clk/f_c = 50:1, so f_c = 11.83 kHz.
#
# 95 taps, Type I linear phase. Designed by numerical inverse Fourier transform
# of the analytic Butterworth magnitude, Blackman windowed, DC gain normalised
# to unity. Worst error below 20 kHz is 0.23 dB before quantisation.
# Generator: doc/mf6_fir.py
-0.000000000000000000
-0.000000000345347398
0.000000001488064234
-0.000000003153090920
0.000000006401657222
-0.000000011818912357
0.000000014116836857
-0.000000022256907137
0.000000042769941447
-0.000000035806238522
0.000000043725871454
-0.000000129626763477
0.000000078980264655
-0.000000018041247071
0.000000374231554672
-0.000000221414386649
-0.000000320993498209
-0.000001017423509673
0.000000925746500101
0.000001990002931244
0.000002368856737667
-0.000004385856408019
-0.000008176591689074
-0.000003488221841683
0.000019335714546334
0.000026936710510910
-0.000005226971679233
-0.000075835048363146
-0.000072200007889991
0.000073024157155126
0.000263985897166335
0.000141573318231146
-0.000398239338581963
-0.000814201702371858
-0.000072481220439296
0.001668552691240410
0.002179584641696881
-0.001113860962190686
-0.006000938132062082
-0.004621429401619596
0.007958797980144258
0.019188355021213997
0.003584486542290892
-0.041558737321005339
-0.053970454258705863
0.060402990334214139
0.295705407927333241
0.435005117317292134
0.295705407927333241
0.060402990334214146
-0.053970454258705863
-0.041558737321005339
0.003584486542290891
0.019188355021213997
0.007958797980144259
-0.004621429401619596
-0.006000938132062084
-0.001113860962190686
0.002179584641696881
0.001668552691240410
-0.000072481220439296
-0.000814201702371858
-0.000398239338581963
0.000141573318231146
0.000263985897166335
0.000073024157155126
-0.000072200007889991
-0.000075835048363146
-0.000005226971679233
0.000026936710510910
0.000019335714546334
-0.000003488221841684
-0.000008176591689074
-0.000004385856408019
0.000002368856737667
0.000001990002931244
0.000000925746500101
-0.000001017423509673
-0.000000320993498209
-0.000000221414386649
0.000000374231554672
-0.000000018041247071
0.000000078980264655
-0.000000129626763477
0.000000043725871454
-0.000000035806238522
0.000000042769941447
-0.000000022256907137
0.000000014116836857
-0.000000011818912357
0.000000006401657222
-0.000000003153090920
0.000000001488064234
-0.000000000345347398
-0.000000000000000000
